{
  "config": {
    "dim": 5,
    "num_chains": 4,
    "num_steps": 1000
  },
  "timing": {
    "total_time": 326.94801592826843
  },
  "best_hyperparameters": {
    "nuts": {
      "hyperparams": {
        "log_step_size": 0.009536673555309768
      },
      "ess": 11.839894178238241,
      "acceptance_rate": 0.9999566647088541,
      "objective": -0.4070725391762924
    },
    "mclmc": {
      "hyperparams": {
        "L": 0.33981441528047696,
        "step_size": 0.2857024466019752
      },
      "ess": 4.879827210161315,
      "acceptance_rate": 1.0,
      "objective": 4.879827210161315
    },
    "mams": {
      "hyperparams": {
        "L": 93.05544668101209,
        "step_size": 0.010267613563805894
      },
      "ess": 68.03112718643173,
      "acceptance_rate": 0.9998557448047813,
      "objective": 67.03401020937997
    }
  },
  "tuning_comparison": {
    "bayesopt": {
      "ess_per_chain": [
        550.2446175049545,
        327.2611809543562,
        546.4444164033,
        439.9887128298549
      ],
      "mean_ess": 465.9847319231164,
      "std_ess": 91.50615518504011,
      "max_rhat": 1.0012026045378473
    },
    "auto_tuned": {
      "ess_per_chain": [
        19.32135243475965,
        28.33362300405955,
        144.82175643464134,
        23.73726372591967
      ],
      "mean_ess": 54.05349889984505,
      "std_ess": 52.501868312448195,
      "max_rhat": 1.0225148879083117
    }
  }
}